{
    "assessment":{
	    "engineversion":"2.0",
        "title":"Demonstration Assessment",
        "stylesheeturl":"style/assessment.css",
        "feedbacktime":"end state",
        "feedbacklevel":"correct answer and explanation",
        "randomizeanswersequence":"true",
        "mode":"test",
        "randomizequestionsequence":"true",
        "recordinteractions":"true",
        "displaytitle":"true",
        "timelimit":"100",
        "showallquestionsonsinglepage":"true",
        "allowretakewhenfailed":"false",
        "maxnumberofattempts":"1",
        "showbackbutton":"true",
        "showexplanations":"incorrect only",
        "explanationlevel":"all",
        "answerlistbullet":"alphabetic",
        "totalmissedquestionthreshold":"-1",
        "splashpagetemplate":"Welcome to this quiz. <br>This is the splash page for the quiz right here...<br>I suppose you could add am image tag here or something if you like<br><br><br>",
        "finalreporttemplate":"<h3>Congratulations $STUDENT_NAME, you have finished the demonstration quiz!</h3><div>You have <i>$SUCCESS_STATUS</i> this quiz with a score of <strong>$SCORE%</strong>.</div><div>Please exit the quiz by clicking the 'exit' button below.</div><br /><br />",
        "passingscore":"65",
        "startbuttoncaption":"Begin Quiz",
        "nextbuttoncaption":"Next",
        "backbuttoncaption":"Previous",
		"finishbuttoncaption":"Finish",
        "questionprefix":"",
        "questionsuffix":"",
        "answerprefix":"",
        "answersuffix":"",
		"passedstatustext" : "passed",
		"failedstatustext" : "failed",
        "questionlevels":[
			{
				"level":1,
				"numberofquestionstoshow":5
			}
		],
	    "questions":[
			{
				"id":"q1",
				"type":"multiple choice single answer",
				"suppressanswerrandomization":"true",
				"level":"1",
				"text":"Chọn trường hợp ĐÚNG: Trong các ký hiệu phân lớp lượng tử sau, ký hiệu nào đúng:",
				"answers":[
					{
						"letter":"a",
						"id":"q1a1",
						"iscorrect":"false",
						"text":"1s, 1p, 7d, 9s, 3f",
						"explanation":"",
						"matchingstatement":"",
						"regex":"",
						"shortId":"b",
						"usertext":"",
					},
					{
						"letter":"b",
						"id":"q1a2",
						"iscorrect":"false",
						"text":"1s, 7d, 9s, 4f",
						"explanation":"",
						"matchingstatement":"",
						"regex":"",
						"shortId":"b",
						"usertext":"",
					},
					{
						"letter":"c",
						"id":"q1a3",
						"iscorrect":"false",
						"text":"1s, 7d, 9s, 2d",
						"explanation":"",
						"matchingstatement":"",
						"regex":"",
						"shortId":"b",
						"usertext":"",
					},
					{
						"letter":"d",
						"id":"q1a4",
						"iscorrect":"true",
						"text":"1s, 7d, 2d",
						"explanation":"",
						"matchingstatement":"",
						"regex":"",
						"shortId":"b",
						"usertext":"",
					}
				]

			},
			{
				"id":"q2",
				"type":"multiple choice single answer",
				"suppressanswerrandomization":"true",
				"level":"1",
				"text":"Chọn phát biểu ĐÚNG:",
				"answers":[
					{
						"letter":"a",
						"id":"q2a1",
						"iscorrect":"true",
						"text":"Trong cùng chu kỳ, bán kính nguyên tử (thuộc phân nhóm chính) tăng dần từ đầu đến cuối chu kỳ.",
						"explanation":"",
						"matchingstatement":"",
						"regex":"",
						"shortId":"b",
						"usertext":"",
					},
					{
						"letter":"b",
						"id":"q2a2",
						"iscorrect":"false",
						"text":"Trong một chu kỳ ngắn, độ âm điện tăng dần từ trái qua phải.",
						"explanation":"",
						"matchingstatement":"",
						"regex":"",
						"shortId":"b",
						"usertext":"",
					},
					{
						"letter":"c",
						"id":"q2a3",
						"iscorrect":"false",
						"text":"Các nguyên tố nhóm IA dễ dàng nhận thêm 1e để tạo anion.",
						"explanation":"",
						"matchingstatement":"",
						"regex":"",
						"shortId":"b",
						"usertext":"",
					},
					{
						"letter":"d",
						"id":"q2a4",
						"iscorrect":"false",
						"text":"Trong bảng phân loại tuần hoàn, bắt đầu chu kỳ III đã có phân nhóm phụ.",
						"explanation":"",
						"matchingstatement":"",
						"regex":"",
						"shortId":"b",
						"usertext":"",
					}
				]

			},
			{
				"id":"q3",
				"type":"multiple choice single answer",
				"suppressanswerrandomization":"true",
				"level":"1",
				"text":"Chọn phát biểu SAI:",
				"answers":[
					{
						"letter":"a",
						"id":"q3a1",
						"iscorrect":"false",
						"text":"Bán kính ion luôn nhỏ hơn bán kính nguyên tử.",
						"explanation":"",
						"matchingstatement":"",
						"regex":"",
						"shortId":"b",
						"usertext":"",
					},
					{
						"letter":"b",
						"id":"q3a2",
						"iscorrect":"true",
						"text":"Trong chuỗi ion đẳng điện tử (có số electron bằng nhau), khi số oxi hóa của ion tăng thì bán kính ion giảm.",
						"explanation":"",
						"matchingstatement":"",
						"regex":"",
						"shortId":"b",
						"usertext":"",
					},
					{
						"letter":"c",
						"id":"q3a3",
						"iscorrect":"false",
						"text":"Các ion của các nguyên tố nằm trong cùng một phân nhóm chính và có cùng điện tích  có bán kính tăng theo chiều tăng điện tích hạt nhân.",
						"explanation":"",
						"matchingstatement":"",
						"regex":"",
						"shortId":"b",
						"usertext":"",
					},
					{
						"letter":"d",
						"id":"q3a4",
						"iscorrect":"false",
						"text":"Trong một chu kỳ, khi đi từ trái sang phải, bán kính của nguyên tố có xu hướng giảm dần.",
						"explanation":"",
						"matchingstatement":"",
						"regex":"",
						"shortId":"b",
						"usertext":"",
					}
				]

			},
			{
				"id":"q4",
				"type":"multiple choice single answer",
				"suppressanswerrandomization":"true",
				"level":"1",
				"text":"Chọn câu ĐÚNG: Dấu của hàm sóng được biểu diễn trên hình dạng của các AO như sau:",
				"answers":[
					{
						"letter":"a",
						"id":"q4a1",
						"iscorrect":"true",
						"text":"AO s có thể mang dấu (+) hay dấu (-).",
						"explanation":"",
						"matchingstatement":"",
						"regex":"",
						"shortId":"b",
						"usertext":"",
					},
					{
						"letter":"b",
						"id":"q4a2",
						"iscorrect":"false",
						"text":"AO p có dấu ở hai vùng không gian giống nhau ( cùng mang dấu (+) hoặc cùng mang dấu (-)).",
						"explanation":"",
						"matchingstatement":"",
						"regex":"",
						"shortId":"b",
						"usertext":"",
					},
					{
						"letter":"c",
						"id":"q4a3",
						"iscorrect":"false",
						"text":"AO s chỉ mang dấu (+).",
						"explanation":"",
						"matchingstatement":"",
						"regex":"",
						"shortId":"b",
						"usertext":"",
					},
					{
						"letter":"d",
						"id":"q4a4",
						"iscorrect":"false",
						"text":"AO p chỉ có dấu (+) ở cả hai vùng không gian.",
						"explanation":"",
						"matchingstatement":"",
						"regex":"",
						"shortId":"b",
						"usertext":"",
					}
				]

			},
			{
				"id":"q5",
				"type":"multiple choice single answer",
				"suppressanswerrandomization":"true",
				"level":"1",
				"text":"Chọn trường hợp ĐÚNG: Tên các ocbitan ứng với n = 5, ℓ = 2; n= 4, ℓ = 3; n =3, ℓ = 0 lần lượt là:",
				"answers":[
					{
						"letter":"a",
						"id":"q5a1",
						"iscorrect":"false",
						"text":"5p, 4d, 3s",
						"explanation":"",
						"matchingstatement":"",
						"regex":"",
						"shortId":"b",
						"usertext":"",
					},
					{
						"letter":"b",
						"id":"q5a2",
						"iscorrect":"false",
						"text":"5d, 4f, 3s",
						"explanation":"",
						"matchingstatement":"",
						"regex":"",
						"shortId":"b",
						"usertext":"",
					},
					{
						"letter":"c",
						"id":"q5a3",
						"iscorrect":"false",
						"text":"5s, 4d, 3p",
						"explanation":"",
						"matchingstatement":"",
						"regex":"",
						"shortId":"b",
						"usertext":"",
					},
					{
						"letter":"d",
						"id":"q5a4",
						"iscorrect":"true",
						"text":"5d, 4p, 3s",
						"explanation":"",
						"matchingstatement":"",
						"regex":"",
						"shortId":"b",
						"usertext":"",
					}
				]

			},
			{
				"id":"q6",
				"type":"multiple choice single answer",
				"suppressanswerrandomization":"true",
				"level":"1",
				"text":"Trạng thái của electron ở lớp ngoài cùng trong nguyên tử có Z = 30 được đặc trưng bằng các số lượng tử:",
				"answers":[
					{
						"letter":"a",
						"id":"q6a1",
						"iscorrect":"true",
						"text":"n = 3, ℓ = 2, mℓ = -2, ms = +1/2",
						"explanation":"",
						"matchingstatement":"",
						"regex":"",
						"shortId":"b",
						"usertext":"",
					},
					{
						"letter":"b",
						"id":"q6a2",
						"iscorrect":"false",
						"text":"n = 4, ℓ = 0, mℓ = 0, ms = +1/2  và -1/2",
						"explanation":"",
						"matchingstatement":"",
						"regex":"",
						"shortId":"b",
						"usertext":"",
					},
					{
						"letter":"c",
						"id":"q6a3",
						"iscorrect":"false",
						"text":"n = 3, ℓ = 2, mℓ = +2, ms = -1/2",
						"explanation":"",
						"matchingstatement":"",
						"regex":"",
						"shortId":"b",
						"usertext":"",
					},
					{
						"letter":"d",
						"id":"q6a4",
						"iscorrect":"false",
						"text":"n = 4, ℓ = 0, mℓ = 1, ms = +1/2 và -1/2",
						"explanation":"",
						"matchingstatement":"",
						"regex":"",
						"shortId":"b",
						"usertext":"",
					}
				]
			}
		]
    }
}