<?xml version="1.0"?>
<lom xmlns="http://www.imsglobal.org/xsd/imsmd_rootv1p2p1" 
	 xmlns:xsi="http://www.w3.org/2001/XMLSchema-instance" 
	 xsi:schemaLocation="http://www.imsglobal.org/xsd/imsmd_rootv1p2p1 imsmd_rootv1p2p1.xsd">
	
	<general>
		<title>
			<langstring>RSECA Assessment Engine Demo</langstring>
		</title>
		<language>en</language>
		<description>
			<langstring>Quiz Player</langstring>
		</description>
	</general>
	
	<lifecycle>
		<version>
			<langstring>1.0</langstring>
		</version>
		<status>
			<source>
				<langstring xml:lang="x-none">LOMv1.0</langstring>
			</source>
			<value>
				<langstring xml:lang="x-none">Final</langstring>
			</value>
		</status>
	</lifecycle>
	
	<metametadata>
		<metadatascheme>ADL SCORM 1.2</metadatascheme>
	</metametadata>
	
	<technical>
		<format>text/html</format>
		<location>scripts/indexAPI.html</location>
	</technical>
	
	<rights>
		<cost>
			<source>
				<langstring xml:lang="x-none">LOMv1.0</langstring>
			</source>
			<value>
				<langstring xml:lang="x-none">yes</langstring>
			</value>
		</cost>
		<copyrightandotherrestrictions>
			<source>
				<langstring xml:lang="x-none">LOMv1.0</langstring>
			</source>
			<value>
				<langstring xml:lang="x-none">yes</langstring>
			</value>
		</copyrightandotherrestrictions>
	</rights>
	
	<classification>
		<purpose>
			<source>
				<langstring xml:lang="x-none">LOMv1.0</langstring>
			</source>
			<value>
				<langstring xml:lang="x-none">Educational Objective</langstring>
			</value>
		</purpose>
		<description>
			<langstring>Quiz Player</langstring>
		</description>
	</classification>
	
</lom>
